,RDST Prime,RDST Ensemble Prime,RDST,RDST Ensemble,RDST Prime_std,RDST Ensemble Prime_std,RDST_std,RDST Ensemble_std
474,0.39613877359999916,0.7443213330999996,0.464836207700003,0.8262704490999979,0.018494651080327402,0.016627966109299938,0.013221721734085031,0.030285707679621878
948,0.8237878611000014,1.377297592799998,1.005527351699999,1.5776179496999987,0.008343826175325786,0.030538911653914928,0.026633232955506365,0.029236098235567637
1422,1.112901690400001,1.8811421593000006,1.5362497317000048,2.3609520591000033,0.03800485060926694,0.03509671348215711,0.02461931182941415,0.026620483424148623
1896,1.4906832463999962,2.4916118074000027,2.0824801175000003,3.2027698399000086,0.01993777121618613,0.0403641926933909,0.0237894367476721,0.03918227127031494
2370,1.912333937199992,3.1120733526999915,2.6556877272999997,4.100921747000001,0.02278177744237919,0.044819560214545605,0.019924837766199174,0.0579737200113191
2844,2.271114480299997,3.686171167399999,3.23772598000001,5.002376985899986,0.02608883926895433,0.07249656312284439,0.054697798417756203,0.16227600014880672
