,RDST Prime,RDST Ensemble Prime,RDST,RDST Ensemble,RDST Prime_std,RDST Ensemble Prime_std,RDST_std,RDST Ensemble_std
400,0.6670092139999998,1.0960306812999998,0.6694053398000023,1.0358112999,0.028153030778719224,0.08721807257017125,0.02629543842482472,0.046537976980042466
800,1.8705514385999997,3.0768019516999985,1.8156302853999975,2.847034808800001,0.07080536217197123,0.17626372793357645,0.08888960568150042,0.1385587114254787
1200,2.9517092885999943,4.850071625800004,3.0434600689000035,4.859736295099998,0.06803805556364058,0.2002040754580971,0.08476344991295455,0.19876979397334105
1600,4.119112845599995,6.677785492399994,4.114398992899988,6.734877460900009,0.12102688478303336,0.21824973336856854,0.18728515037023713,0.28816897614020254
2000,5.469180671099991,9.917715974100009,5.614825271899997,9.775538594399995,0.2442752027956037,0.2020803104506247,0.1949682248451399,0.3435159253686046
2400,7.6546442835,13.436765114700005,7.877349317700032,13.481795858500027,0.2020217493187331,0.3370203412067863,0.3964364572024426,0.5487246682416889
